procedure,depth,n_of_dates,duration_ms,compose_visibility,read_visibility
get_record,0,1,5,Public
get_index,0,1,4,Public
get_index_change,0,1,4,Public
get_record,0,7,4,Public
get_index,0,7,4,Public
get_index_change,0,7,4,Public
get_record,0,30,4,Public
get_index,0,30,4,Public
get_index_change,0,30,6,Public
get_record,0,365,5,Public
get_index,0,365,5,Public
get_index_change,0,365,23,Public
get_record,1,1,6,Public
get_index,1,1,5,Public
get_index_change,1,1,5,Public
get_record,1,7,4,Public
get_index,1,7,4,Public
get_index_change,1,7,7,Public
get_record,1,30,5,Public
get_index,1,30,5,Public
get_index_change,1,30,11,Public
get_record,1,365,8,Public
get_index,1,365,10,Public
get_index_change,1,365,87,Public
get_record,10,1,16,Public
get_index,10,1,11,Public
get_index_change,10,1,14,Public
get_record,10,7,9,Public
get_index,10,7,8,Public
get_index_change,10,7,24,Public
get_record,10,30,10,Public
get_index,10,30,9,Public
get_index_change,10,30,69,Public
get_record,10,365,36,Public
get_index,10,365,40,Public
get_index_change,10,365,713,Public
get_record,50,1,146,Public
get_index,50,1,81,Public
get_index_change,50,1,61,Public
get_record,50,7,27,Public
get_index,50,7,23,Public
get_index_change,50,7,145,Public
get_record,50,30,31,Public
get_index,50,30,31,Public
get_index_change,50,30,512,Public
get_record,50,365,158,Public
get_index,50,365,158,Public
get_index_change,50,365,5886,Public
get_record,100,1,229,Public
get_index,100,1,124,Public
get_index_change,100,1,115,Public
get_record,100,7,47,Public
get_index,100,7,41,Public
get_index_change,100,7,295,Public
get_record,100,30,58,Public
get_index,100,30,59,Public
get_index_change,100,30,1048,Public
get_record,100,365,312,Public
get_index,100,365,313,Public
get_index_change,100,365,12080,Public
get_record,0,1,4,Private
get_index,0,1,4,Private
get_index_change,0,1,4,Private
get_record,0,7,4,Private
get_index,0,7,4,Private
get_index_change,0,7,4,Private
get_record,0,30,4,Private
get_index,0,30,4,Private
get_index_change,0,30,6,Private
get_record,0,365,6,Private
get_index,0,365,6,Private
get_index_change,0,365,23,Private
get_record,1,1,6,Private
get_index,1,1,5,Private
get_index_change,1,1,6,Private
get_record,1,7,4,Private
get_index,1,7,4,Private
get_index_change,1,7,7,Private
get_record,1,30,5,Private
get_index,1,30,5,Private
get_index_change,1,30,12,Private
get_record,1,365,9,Private
get_index,1,365,8,Private
get_index_change,1,365,88,Private
get_record,10,1,14,Private
get_index,10,1,11,Private
get_index_change,10,1,13,Private
get_record,10,7,8,Private
get_index,10,7,8,Private
get_index_change,10,7,25,Private
get_record,10,30,10,Private
get_index,10,30,9,Private
get_index_change,10,30,70,Private
get_record,10,365,36,Private
get_index,10,365,36,Private
get_index_change,10,365,757,Private
get_record,50,1,53,Private
get_index,50,1,36,Private
get_index_change,50,1,55,Private
get_record,50,7,25,Private
get_index,50,7,23,Private
get_index_change,50,7,148,Private
get_record,50,30,31,Private
get_index,50,30,31,Private
get_index_change,50,30,513,Private
get_record,50,365,159,Private
get_index,50,365,157,Private
get_index_change,50,365,5934,Private
get_record,100,1,157,Private
get_index,100,1,58,Private
get_index_change,100,1,104,Private
get_record,100,7,45,Private
get_index,100,7,41,Private
get_index_change,100,7,298,Private
get_record,100,30,60,Private
get_index,100,30,60,Private
get_index_change,100,30,1048,Private
get_record,100,365,312,Private
get_index,100,365,311,Private
get_index_change,100,365,12022,Private
